{
  "project_info": {
    "project_number": "849761592954",
    "project_id": "projeto-tcc-ecac2",
    "storage_bucket": "projeto-tcc-ecac2.firebasestorage.app"
  },
  "client": [
    {
      "client_info": {
        "mobilesdk_app_id": "1:849761592954:android:db49d53f05fa042d413dc3",
        "android_client_info": {
          "package_name": "com.example.projeto_tcc"
        }
      },
      "oauth_client": [],
      "api_key": [
        {
          "current_key": "AIzaSyBvJhu8DATM-3neXcxEqg-jV5OcfRZXz_E"
        }
      ],
      "services": {
        "appinvite_service": {
          "other_platform_oauth_client": []
        }
      }
    }
  ],
  "configuration_version": "1"
}